{
    "camera_front": {
        "x": 0.7458099126815796,
        "y": -0.3875165283679962,
        "z": 0.5418473482131958
    },
    "camera_position": {
        "x": -2.5695698261260986,
        "y": 1.7619636058807373,
        "z": -2.2817184925079346
    },
    "gl_fill": true
}