{
    "camera_front": {
        "x": 0.7272616624832153,
        "y": -0.2672364413738251,
        "z": 0.632198691368103
    },
    "camera_position": {
        "x": 11.742189407348633,
        "y": 149.13681030273438,
        "z": 9.515841484069824
    },
    "gl_fill": true
}