{
    "camera_front": {
        "x": 0.5473968386650085,
        "y": -0.44621163606643677,
        "z": -0.7079915404319763
    },
    "camera_position": {
        "x": -21.99974250793457,
        "y": 30.222442626953125,
        "z": 96.41768646240234
    },
    "gl_fill": true,
    "show_grid": true,
    "show_skybox": true
}