{
    "camera_front": {
        "x": 0.8703953623771667,
        "y": -0.41628703474998474,
        "z": -0.26290157437324524
    },
    "camera_position": {
        "x": -67.23690032958984,
        "y": 41.93260192871094,
        "z": 67.68328094482422
    },
    "gl_fill": true,
    "show_grid": true,
    "show_skybox": true
}