{
    "camera_front": {
        "x": 0.6963642239570618,
        "y": -0.1736481785774231,
        "z": 0.6963642835617065
    },
    "camera_position": {
        "x": -128.0,
        "y": 128.0,
        "z": -128.0
    },
    "gl_fill": true
}