{
    "camera_front": {
        "x": 0.8741550445556641,
        "y": -0.4771670997142792,
        "z": -0.090359166264534
    },
    "camera_position": {
        "x": -45.58284378051758,
        "y": 40.68300247192383,
        "z": 65.10784149169922
    },
    "gl_fill": true,
    "show_grid": true,
    "show_skybox": true
}